[{"id":"user-image-1.png","fileName":"1.png","name":"1","publicUrl":"https://assets.nicepagecdn.com/a6865e88/6296540/images/1.png","size":4650,"hash":"3sacryzGYJFEYOiaa88CRetRi3E=","width":204,"height":192,"folderId":null,"thumbnail":{"url":"https://assets.nicepagecdn.com/a6865e88/6296540/images/thumbnails/1.png","width":150,"height":141},"usages":[]},{"id":"user-image-5807340-min.png","fileName":"5807340-min.png","name":"5807340-min","publicUrl":"https://assets.nicepagecdn.com/a6865e88/6296540/images/5807340-min.png","size":204674,"hash":"Gj+k6TxLgJkeGtBS3in9PcLfGRU=","width":1422,"height":900,"folderId":null,"thumbnail":{"url":"https://assets.nicepagecdn.com/a6865e88/6296540/images/thumbnails/5807340-min.png","width":150,"height":95},"usages":["613527452"]},{"id":"user-image-5178414.jpg","fileName":"5178414.jpg","name":"5178414","publicUrl":"https://assets.nicepagecdn.com/a6865e88/6296540/images/5178414.jpg","size":78727,"hash":"Rn60Pz1jM1avYnrx5/ZxMRYT4j0=","width":900,"height":900,"folderId":null,"thumbnail":{"url":"https://assets.nicepagecdn.com/a6865e88/6296540/images/thumbnails/5178414.jpg","width":150,"height":150},"usages":["613527452"]},{"id":"user-image-jh.jpg","fileName":"jh.jpg","name":"jh","publicUrl":"https://assets.nicepagecdn.com/a6865e88/6296540/images/jh.jpg","size":83471,"hash":"ncfUDJoNSUsWtRwApH2sHxRKlGQ=","width":1980,"height":1114,"folderId":null,"thumbnail":{"url":"https://assets.nicepagecdn.com/a6865e88/6296540/images/thumbnails/jh.jpg","width":150,"height":84},"usages":["613527452"]},{"id":"user-image-kj.jpg","fileName":"kj.jpg","name":"kj","publicUrl":"https://assets.nicepagecdn.com/a6865e88/6296540/images/kj.jpg","size":72999,"hash":"OydFr207swChR4Fn4GJgj5W72TI=","width":1200,"height":1002,"folderId":null,"thumbnail":{"url":"https://assets.nicepagecdn.com/a6865e88/6296540/images/thumbnails/kj.jpg","width":150,"height":125},"usages":[]},{"id":"user-image-bn.jpg","fileName":"bn.jpg","name":"bn","publicUrl":"https://assets.nicepagecdn.com/a6865e88/6296540/images/bn.jpg","size":68333,"hash":"hPikQcY7fGQ9C0vk72aGrWEJFCE=","width":800,"height":800,"folderId":null,"thumbnail":{"url":"https://assets.nicepagecdn.com/a6865e88/6296540/images/thumbnails/bn.jpg","width":150,"height":150},"usages":["613527452"]},{"id":"user-image-logooshad.png","fileName":"logooshad.png","name":"logooshad","publicUrl":"https://assets.nicepagecdn.com/a6865e88/6296540/images/logooshad.png","size":2697,"hash":"eIcbl2Qdpz99EvxldCK2OVjGRYs=","width":225,"height":225,"folderId":null,"thumbnail":{"url":"https://assets.nicepagecdn.com/a6865e88/6296540/images/thumbnails/logooshad.png","width":150,"height":150},"usages":[]}]