[{"id":2084716000,"title":"Blog Template","order":1,"templateKey":"blog","customTemplate":false,"customTemplateFilename":null,"pageLinks":[],"dateCreated":"2024-07-07T12:36:35.597Z","dateUpdated":"2024-07-07T12:36:42.716Z","folderId":null,"pageName":"Blog Template","sectionCount":1,"status":2},{"id":281313994,"title":"Post Template","order":2,"templateKey":"post","customTemplate":false,"customTemplateFilename":null,"pageLinks":[],"dateCreated":"2024-07-07T12:36:35.885Z","dateUpdated":"2024-07-07T12:36:42.716Z","folderId":null,"pageName":"Post Template","sectionCount":1,"status":2},{"id":234922526,"title":"Product List Template","order":3,"templateKey":"products","customTemplate":false,"customTemplateFilename":null,"pageLinks":[],"dateCreated":"2024-07-07T12:36:36.181Z","dateUpdated":"2024-07-07T12:36:42.716Z","folderId":null,"pageName":"Product List Template","sectionCount":1,"status":2},{"id":2760423706,"title":"Product Details Template","order":4,"templateKey":"product","customTemplate":false,"customTemplateFilename":null,"pageLinks":[],"dateCreated":"2024-07-07T12:36:36.492Z","dateUpdated":"2024-07-07T12:36:42.717Z","folderId":null,"pageName":"Product Details Template","sectionCount":1,"status":2},{"id":77209280,"title":"Shopping Cart Template","order":5,"templateKey":"cart","customTemplate":false,"customTemplateFilename":null,"pageLinks":[],"dateCreated":"2024-07-07T12:36:36.745Z","dateUpdated":"2024-07-07T12:36:42.717Z","folderId":null,"pageName":"Shopping Cart Template","sectionCount":1,"status":2},{"id":46118252,"title":"Login Template","order":7,"templateKey":"login","customTemplate":false,"customTemplateFilename":null,"pageLinks":[],"dateCreated":"2024-07-07T12:36:37.128Z","dateUpdated":"2024-07-07T12:36:42.717Z","folderId":null,"pageName":"Login Template","sectionCount":1,"status":2},{"id":189006712,"title":"Password Template","order":8,"templateKey":"password","customTemplate":false,"customTemplateFilename":null,"pageLinks":[],"dateCreated":"2024-07-07T12:36:37.265Z","dateUpdated":"2024-07-07T12:36:42.717Z","folderId":null,"pageName":"Password Template","sectionCount":1,"status":2},{"id":243005406,"title":"404 Not Found Template","order":9,"templateKey":"404","customTemplate":false,"customTemplateFilename":null,"pageLinks":[],"dateCreated":"2024-07-07T12:36:37.388Z","dateUpdated":"2024-07-07T12:36:42.717Z","folderId":null,"pageName":"404 Not Found Template","sectionCount":1,"status":2},{"id":262291294,"title":"Thank You Template","order":10,"templateKey":"ThankYou","customTemplate":false,"customTemplateFilename":null,"pageLinks":[],"dateCreated":"2024-07-07T12:36:37.495Z","dateUpdated":"2024-07-07T12:36:42.717Z","folderId":null,"pageName":"Thank You Template","sectionCount":1,"status":2},{"id":613527452,"title":"Головна","order":50,"templateKey":null,"customTemplate":false,"customTemplateFilename":null,"pageLinks":[],"dateCreated":"2024-07-07T12:36:44.579Z","dateUpdated":"2024-07-07T13:26:38.041Z","folderId":null,"pageName":"Головна_613527452","sectionCount":4,"status":2},{"id":92705485,"title":"Про нас","order":100,"templateKey":null,"customTemplate":false,"customTemplateFilename":null,"pageLinks":[],"dateCreated":"2024-07-07T12:36:38.031Z","dateUpdated":"2024-07-07T12:36:42.717Z","folderId":null,"pageName":"Про нас_92705485","sectionCount":1,"status":2},{"id":194407150,"title":"Контакти","order":101,"templateKey":null,"customTemplate":false,"customTemplateFilename":null,"pageLinks":[],"dateCreated":"2024-07-07T12:36:38.100Z","dateUpdated":"2024-07-07T12:36:42.717Z","folderId":null,"pageName":"Контакти_194407150","sectionCount":1,"status":2}]